Cardinalidade;numero de Cks
1;12
2;173
3;560
 total de tuplas criticas : 746
numero de combinacoes analisadas por cardinalidade
1; 5846
2; 17084935
3; 33281453380
I(2285) ;5772;-;-;1 
I(1868) ;5479;-;-;1 
I(1846) ;5467;-;-;1 
I(1643) ;5325;-;-;1 
I(1117) ;4953;-;-;1 
I(401) ;4461;-;-;1 
I(39) ;4204;-;-;1 
F(1618-1984) ;2901;-;-;1 
F(1203-908) ;2201;-;-;1 
F(1188-1140) ;2163;-;-;1 
F(839-840) ;1578;-;-;1 
F(477-518) ;910;-;-;1 
I(1946) I(2015) ;5535;5587;-;2 
I(1913) I(2049) ;5514;5612;-;2 
I(856) I(864) ;4770;4774;-;2 
F(2364-2367) I(2364) ;4151;5833;-;2 
F(2340-2182) I(2340) ;4107;5816;-;2 
F(2328-2165) I(2165) ;4085;5691;-;2 
F(2274-2253) I(2274) ;4001;5763;-;2 
F(2229-2125) I(2229) ;3918;5733;-;2 
F(2203-2205) F(2205-2203) ;3877;3881;-;2 
F(2191-2335) I(2191) ;3853;5709;-;2 
F(2175-2186) F(2186-2175) ;3824;3837;-;2 
F(2168-2370) I(2168) ;3798;5694;-;2 
F(2167-2371) I(2167) ;3794;5693;-;2 
F(2142-2137) F(2210-2204) ;3748;3889;-;2 
F(2137-2146) I(2146) ;3738;5678;-;2 
F(2131-2118) I(2123) ;3726;5664;-;2 
F(2119-2311) I(2311) ;3712;5794;-;2 
F(2115-2080) I(2115) ;3709;5659;-;2 
F(2113-1708) I(2113) ;3703;5657;-;2 
F(2079-1990) I(2079) ;3648;5634;-;2 
F(2075-1902) I(2075) ;3638;5630;-;2 
F(2065-1877) I(1877) ;3618;5488;-;2 
F(2063-1984) I(2063) ;3614;5622;-;2 
F(2060-1896) I(2060) ;3611;5620;-;2 
F(2052-2045) I(2052) ;3598;5614;-;2 
F(2047-1971) I(2047) ;3593;5610;-;2 
F(2044-1936) I(2044) ;3589;5608;-;2 
F(2039-2036) I(2039) ;3580;5605;-;2 
F(2037-2036) I(2037) ;3576;5603;-;2 
F(2024-1643) I(2024) ;3557;5594;-;2 
F(2010-2011) F(2011-2010) ;3536;3538;-;2 
F(2006-2008) I(2006) ;3527;5582;-;2 
F(1961-1886) I(1961) ;3467;5547;-;2 
F(1957-1987) I(1957) ;3463;5543;-;2 
F(1941-2105) I(1941) ;3439;5532;-;2 
F(1939-1845) I(1845) ;3437;5466;-;2 
F(1937-2045) I(1937) ;3435;5529;-;2 
F(1920-1770) I(1920) ;3403;5519;-;2 
F(1920-1754) I(1920) ;3402;5519;-;2 
F(1920-1754) F(1920-1770) ;3402;3403;-;2 
F(1919-1909) I(1919) ;3400;5518;-;2 
F(1919-1769) I(1919) ;3395;5518;-;2 
F(1919-1769) F(1919-1909) ;3395;3400;-;2 
F(1903-2104) I(1903) ;3367;5507;-;2 
F(1882-1741) I(1882) ;3319;5493;-;2 
F(1871-1637) I(1871) ;3292;5482;-;2 
F(1852-1918) I(1852) ;3266;5473;-;2 
F(1848-1939) I(1848) ;3262;5469;-;2 
F(1848-1616) I(1848) ;3261;5469;-;2 
F(1848-1616) F(1848-1939) ;3261;3262;-;2 
F(1842-2054) I(1842) ;3253;5463;-;2 
F(1835-1688) I(2049) ;3242;5612;-;2 
F(1835-1688) I(1913) ;3242;5514;-;2 
F(1791-1786) I(1786) ;3179;5422;-;2 
F(1774-1791) I(1774) ;3160;5417;-;2 
F(1761-1644) I(1761) ;3143;5407;-;2 
F(1736-2065) F(2065-1736) ;3100;3616;-;2 
F(1692-1642) I(1692) ;3038;5363;-;2 
F(1686-1697) I(1686) ;3028;5359;-;2 
F(1679-1998) F(1998-1679) ;3009;3515;-;2 
F(1666-1983) I(1666) ;2988;5343;-;2 
F(1649-1642) I(1649) ;2951;5330;-;2 
F(1637-2045) F(2045-1637) ;2933;3590;-;2 
F(1635-1636) I(1635) ;2928;5321;-;2 
F(1619-1777) I(1619) ;2903;5309;-;2 
F(1616-2071) F(2071-1616) ;2896;3631;-;2 
F(1592-1560) I(1592) ;2861;5291;-;2 
F(1576-1433) I(1576) ;2843;5281;-;2 
F(1561-862) I(1561) ;2814;5269;-;2 
F(1540-1405) I(1540) ;2776;5252;-;2 
F(1539-1404) I(1539) ;2773;5251;-;2 
F(1524-1032) I(1524) ;2743;5243;-;2 
F(1523-1033) I(1523) ;2737;5242;-;2 
F(1517-1584) I(1584) ;2727;5284;-;2 
F(1516-968) I(1516) ;2724;5237;-;2 
F(1514-1252) I(1514) ;2719;5235;-;2 
F(1509-1511) I(1509) ;2710;5231;-;2 
F(1491-1003) I(826) ;2671;4751;-;2 
F(1482-1466) I(1482) ;2651;5209;-;2 
F(1452-932) I(1452) ;2603;5188;-;2 
F(1446-1448) I(1446) ;2596;5185;-;2 
F(1439-1437) I(1439) ;2586;5182;-;2 
F(1434-1577) I(1434) ;2579;5178;-;2 
F(1427-1249) I(1427) ;2565;5173;-;2 
F(1426-1386) I(1426) ;2562;5172;-;2 
F(1407-1406) I(1407) ;2523;5157;-;2 
F(1399-1465) I(1399) ;2515;5155;-;2 
F(1396-1140) I(1396) ;2513;5153;-;2 
F(1356-800) I(1356) ;2456;5124;-;2 
F(1353-1352) I(1353) ;2451;5121;-;2 
F(1349-839) I(1349) ;2447;5119;-;2 
F(1319-1580) I(1175) ;2400;4990;-;2 
F(1317-1319) I(1317) ;2395;5093;-;2 
F(1307-1305) I(1307) ;2380;5087;-;2 
F(1274-1272) I(1274) ;2331;5063;-;2 
F(1270-1271) I(1270) ;2326;5061;-;2 
F(1257-1140) I(1508) ;2309;5230;-;2 
F(1246-1248) I(1246) ;2290;5047;-;2 
F(1229-1139) I(1229) ;2255;5033;-;2 
F(1229-947) I(1229) ;2254;5033;-;2 
F(1229-947) F(1229-1139) ;2254;2255;-;2 
F(1216-1027) I(1216) ;2225;5021;-;2 
F(1183-786) I(1183) ;2150;4996;-;2 
F(1157-1158) I(1157) ;2110;4982;-;2 
F(1141-1302) I(1141) ;2083;4971;-;2 
F(1130-1131) I(1130) ;2058;4964;-;2 
F(1129-399) I(1129) ;2055;4963;-;2 
F(1096-942) I(1096) ;1995;4934;-;2 
F(1095-841) I(1095) ;1985;4933;-;2 
F(1070-1068) I(1070) ;1945;4915;-;2 
F(1050-1047) I(1050) ;1910;4900;-;2 
F(1024-2083) I(1024) ;1885;4882;-;2 
F(1022-1230) I(1022) ;1880;4881;-;2 
F(1019-1191) I(1019) ;1874;4879;-;2 
F(1019-1015) I(1019) ;1873;4879;-;2 
F(1019-1015) F(1019-1191) ;1873;1874;-;2 
F(1016-1018) I(1016) ;1869;4877;-;2 
F(1007-1553) I(1007) ;1862;4870;-;2 
F(1002-1003) I(1002) ;1856;4867;-;2 
F(997-956) I(997) ;1848;4862;-;2 
F(990-1126) I(990) ;1832;4856;-;2 
F(966-1215) I(966) ;1777;4840;-;2 
F(961-1282) F(1282-961) ;1767;2341;-;2 
F(948-1256) F(1256-948) ;1751;2307;-;2 
F(944-1117) I(944) ;1748;4825;-;2 
F(944-941) I(944) ;1747;4825;-;2 
F(944-941) F(944-1117) ;1747;1748;-;2 
F(932-1381) I(1381) ;1733;5143;-;2 
F(931-932) I(931) ;1732;4817;-;2 
F(902-903) I(902) ;1669;4798;-;2 
F(901-961) I(901) ;1668;4797;-;2 
F(876-875) I(876) ;1630;4784;-;2 
F(871-896) I(871) ;1624;4780;-;2 
F(870-848) I(870) ;1618;4779;-;2 
F(859-1174) I(859) ;1603;4772;-;2 
F(859-946) I(859) ;1601;4772;-;2 
F(859-946) F(859-1174) ;1601;1603;-;2 
F(833-1230) F(1230-833) ;1562;2256;-;2 
F(812-811) I(812) ;1520;4740;-;2 
F(797-881) I(797) ;1495;4733;-;2 
F(787-1184) I(787) ;1480;4726;-;2 
F(750-673) I(750) ;1416;4701;-;2 
F(703-659) I(703) ;1321;4669;-;2 
F(696-695) I(696) ;1314;4665;-;2 
F(685-541) I(685) ;1287;4658;-;2 
F(681-682) I(681) ;1284;4655;-;2 
F(644-686) I(644) ;1214;4629;-;2 
F(556-674) I(556) ;1056;4571;-;2 
F(550-761) I(550) ;1045;4566;-;2 
F(526-407) I(526) ;1000;4549;-;2 
F(488-483) I(483) ;925;4518;-;2 
F(481-487) I(481) ;916;4517;-;2 
F(459-203) I(203) ;881;4312;-;2 
F(444-405) I(444) ;857;4487;-;2 
F(407-431) F(431-407) ;800;841;-;2 
F(404-400) I(404) ;797;4464;-;2 
F(391-316) I(391) ;785;4456;-;2 
F(383-488) I(383) ;777;4450;-;2 
F(370-367) I(367) ;751;4435;-;2 
F(360-331) I(360) ;726;4428;-;2 
F(355-235) I(355) ;719;4424;-;2 
F(354-370) I(354) ;716;4423;-;2 
F(321-454) I(321) ;645;4400;-;2 
F(316-352) F(352-316) ;637;704;-;2 
F(295-302) I(295) ;601;4384;-;2 
F(259-436) I(259) ;547;4355;-;2 
F(259-250) I(259) ;546;4355;-;2 
F(259-250) F(259-436) ;546;547;-;2 
F(240-401) I(240) ;511;4340;-;2 
F(229-301) I(229) ;500;4333;-;2 
F(221-230) I(230) ;486;4334;-;2 
F(207-191) I(207) ;456;4316;-;2 
F(188-434) I(188) ;429;4299;-;2 
I(2161) I(2221) I(2375) ;5689;5728;5841;3 
I(1733) I(1737) I(1888) ;5390;5393;5497;3 
I(1639) I(1888) I(2103) ;5322;5497;5651;3 
I(826) I(995) I(1112) ;4751;4860;4948;3 
I(546) I(575) I(752) ;4563;4584;4703;3 
F(2374-2148) I(2148) I(2374) ;4163;5679;5840;3 
F(2373-2372) I(2372) I(2373) ;4162;5838;5839;3 
F(2357-2372) F(2372-2357) I(2372) ;4137;4161;5838;3 
F(2357-2358) F(2361-2358) I(2361) ;4135;4144;5830;3 
F(2345-2141) I(2288) I(2345) ;4117;5775;5820;3 
F(2342-2347) F(2347-2342) I(2342) ;4113;4120;5818;3 
F(2339-2181) I(2181) I(2339) ;4101;5703;5815;3 
F(2319-2374) F(2374-2319) I(2374) ;4067;4165;5840;3 
F(2313-2381) I(2313) I(2381) ;4057;5796;5845;3 
F(2313-2319) F(2319-2313) I(2313) ;4056;4066;5796;3 
F(2306-2131) I(2123) I(2306) ;4047;5664;5791;3 
F(2306-2123) I(2123) I(2306) ;4046;5664;5791;3 
F(2306-2123) F(2306-2131) I(2306) ;4046;4047;5791;3 
F(2306-2123) F(2306-2131) I(2123) ;4046;4047;5664;3 
F(2300-2354) F(2354-2300) I(2300) ;4039;4131;5787;3 
F(2292-2308) F(2308-2124) I(2292) ;4026;4049;5779;3 
F(2289-2310) I(2289) I(2310) ;4021;5776;5793;3 
F(2285-2314) F(2314-2285) I(2314) ;4015;4058;5797;3 
F(2280-2242) I(2242) I(2280) ;4008;5738;5768;3 
F(2274-2197) I(2274) I(2333) ;4000;5763;5811;3 
F(2274-2197) F(2274-2253) I(2333) ;4000;4001;5811;3 
F(2273-2376) F(2376-2273) I(2376) ;3998;4166;5842;3 
F(2269-2248) I(2248) I(2269) ;3992;5742;5760;3 
F(2269-2133) I(2133) I(2269) ;3991;5670;5760;3 
F(2261-2266) F(2266-2261) I(2261) ;3976;3987;5753;3 
F(2259-2233) I(2233) I(2259) ;3967;5734;5751;3 
F(2258-2246) I(2242) I(2258) ;3964;5738;5750;3 
F(2244-2346) F(2346-2244) I(2346) ;3941;4119;5821;3 
F(2244-2310) F(2273-2310) I(2310) ;3940;3997;5793;3 
F(2237-2247) F(2247-2237) I(2247) ;3932;3945;5741;3 
F(2232-2177) F(2352-2177) I(2352) ;3924;4127;5825;3 
F(2223-2240) F(2240-2223) I(2223) ;3907;3937;5730;3 
F(2219-2251) F(2251-2219) I(2251) ;3901;3953;5744;3 
F(2218-2216) I(2117) I(2218) ;3898;5660;5726;3 
F(2213-2224) F(2224-2213) I(2224) ;3892;3909;5731;3 
F(2210-2204) F(2379-2348) I(2379) ;3889;4171;5843;3 
F(2210-2204) F(2316-2210) I(2316) ;3889;4061;5799;3 
F(2203-2320) F(2320-2203) I(2320) ;3878;4068;5801;3 
F(2202-2376) I(2202) I(2376) ;3876;5717;5842;3 
F(2202-2201) I(2201) I(2202) ;3875;5716;5717;3 
F(2196-2302) F(2302-2196) I(2196) ;3869;4041;5713;3 
F(2190-2382) F(2382-2190) I(2382) ;3849;4180;5846;3 
F(2185-2325) F(2325-2185) I(2185) ;3835;4080;5706;3 
F(2176-2247) I(2176) I(2247) ;3825;5701;5741;3 
F(2175-2185) F(2185-2175) I(2185) ;3823;3834;5706;3 
F(2170-2205) F(2205-2170) I(2170) ;3806;3880;5696;3 
F(2169-2307) F(2307-2169) I(2169) ;3804;4048;5695;3 
F(2163-2196) F(2196-2163) I(2196) ;3779;3865;5713;3 
F(2162-2195) F(2195-2162) I(2195) ;3778;3858;5712;3 
F(2145-2328) F(2328-2145) I(2145) ;3754;4084;5677;3 
F(2144-2145) F(2145-2144) I(2145) ;3752;3753;5677;3 
F(2142-2137) F(2379-2348) I(2379) ;3748;4171;5843;3 
F(2142-2137) F(2316-2210) I(2316) ;3748;4061;5799;3 
F(2141-2357) F(2357-2141) I(2288) ;3747;4134;5775;3 
F(2140-2349) F(2349-2140) I(2349) ;3746;4122;5822;3 
F(2140-2339) F(2339-2140) I(2339) ;3745;4100;5815;3 
F(2137-2348) F(2210-2204) F(2348-2137) ;3739;3889;4121;3 
F(2137-2348) F(2142-2137) F(2348-2137) ;3739;3748;4121;3 
F(2134-2337) F(2337-2134) I(2134) ;3733;4096;5671;3 
F(2134-2118) I(2123) I(2134) ;3730;5664;5671;3 
F(2134-155) I(166) I(2134) ;3729;4284;5671;3 
F(2131-2118) F(2306-2131) I(2306) ;3726;4047;5791;3 
F(2131-2118) F(2306-2123) I(2306) ;3726;4046;5791;3 
F(2131-2118) F(2306-2123) F(2306-2131) ;3726;4046;4047;3 
F(2131-2118) F(2134-2118) I(2134) ;3726;3730;5671;3 
F(2130-2137) F(2137-2130) I(2130) ;3725;3737;5668;3 
F(2129-2193) F(2186-2193) I(2129) ;3724;3839;5667;3 
F(2129-2124) F(2186-2193) I(2129) ;3723;3839;5667;3 
F(2129-2124) F(2129-2193) I(2129) ;3723;3724;5667;3 
F(2129-2124) F(2129-2193) F(2186-2193) ;3723;3724;3839;3 
F(2122-2121) I(2121) I(2122) ;3716;5662;5663;3 
F(2119-2369) F(2369-2119) I(2369) ;3714;4160;5837;3 
F(2113-1786) I(1786) I(2113) ;3704;5422;5657;3 
F(2113-1708) F(2113-1786) I(1786) ;3703;3704;5422;3 
F(2112-1706) I(1706) I(2112) ;3696;5372;5656;3 
F(2086-1913) I(2049) I(2086) ;3657;5612;5637;3 
F(2086-1913) I(1913) I(2086) ;3657;5514;5637;3 
F(2086-1688) I(2049) I(2086) ;3656;5612;5637;3 
F(2086-1688) I(1913) I(2086) ;3656;5514;5637;3 
F(2086-1688) F(2086-1913) I(2086) ;3656;3657;5637;3 
F(2086-1688) F(2086-1913) I(2049) ;3656;3657;5612;3 
F(2086-1688) F(2086-1913) I(1913) ;3656;3657;5514;3 
F(2078-2094) I(2078) I(2094) ;3646;5633;5645;3 
F(2076-2081) I(2076) I(2081) ;3642;5631;5635;3 
F(2068-1816) I(1816) I(2068) ;3625;5443;5626;3 
F(2066-1773) I(1773) I(2066) ;3619;5416;5624;3 
F(2054-2248) F(2248-2054) I(2248) ;3601;3946;5742;3 
F(2051-2079) F(2079-2051) I(2079) ;3597;3649;5634;3 
F(2051-2079) F(2079-1990) F(2079-2051) ;3597;3648;3649;3 
F(2047-1833) F(2047-1856) I(2047) ;3591;3592;5610;3 
F(2047-1833) F(2047-1856) F(2047-1971) ;3591;3592;3593;3 
F(2042-2053) F(2053-2042) I(2053) ;3585;3600;5615;3 
F(2031-1617) I(1617) I(2031) ;3565;5308;5600;3 
F(2021-2040) F(2040-2021) I(2021) ;3550;3581;5592;3 
F(2007-2010) F(2010-2007) I(2007) ;3531;3535;5583;3 
F(2007-2005) I(2005) I(2007) ;3529;5581;5583;3 
F(2006-2010) F(2010-2006) I(2006) ;3528;3534;5582;3 
F(2006-2008) F(2006-2010) F(2010-2006) ;3527;3528;3534;3 
F(2003-2011) F(2011-2003) I(2003) ;3524;3537;5579;3 
F(2001-2023) F(2023-1863) I(2001) ;3522;3556;5577;3 
F(1993-1943) I(1888) I(1993) ;3511;5497;5571;3 
F(1991-1989) I(1991) I(2049) ;3507;5569;5612;3 
F(1991-1989) I(1913) I(1991) ;3507;5514;5569;3 
F(1982-1981) I(1981) I(1982) ;3495;5564;5565;3 
F(1980-2077) I(1980) I(2077) ;3493;5563;5632;3 
F(1979-2074) F(2074-1979) I(1979) ;3492;3637;5562;3 
F(1963-1973) F(1973-1963) I(1963) ;3473;3483;5549;3 
F(1945-1850) I(1850) I(2049) ;3447;5471;5612;3 
F(1945-1850) I(1850) I(1913) ;3447;5471;5514;3 
F(1944-1835) I(1944) I(2049) ;3442;5534;5612;3 
F(1944-1835) I(1913) I(1944) ;3442;5514;5534;3 
F(1930-2074) F(2074-1930) I(2072) ;3427;3636;5629;3 
F(1926-1853) I(1926) I(1986) ;3421;5522;5567;3 
F(1920-2072) I(1920) I(2072) ;3409;5519;5629;3 
F(1920-1908) I(1908) I(1920) ;3407;5511;5519;3 
F(1920-1770) F(1920-2072) I(2072) ;3403;3409;5629;3 
F(1920-1770) F(1920-1908) I(1908) ;3403;3407;5511;3 
F(1920-1754) F(1920-2072) I(2072) ;3402;3409;5629;3 
F(1920-1754) F(1920-1908) I(1908) ;3402;3407;5511;3 
F(1906-1959) I(1906) I(1959) ;3376;5510;5545;3 
F(1905-142) I(142) I(1905) ;3368;4267;5509;3 
F(1894-1622) I(1893) I(1894) ;3347;5501;5502;3 
F(1890-1889) I(1889) I(1890) ;3342;5498;5499;3 
F(1889-1624) I(1624) I(1889) ;3341;5313;5498;3 
F(1885-2111) I(1885) I(2111) ;3338;5496;5655;3 
F(1884-2110) F(2110-1884) I(1884) ;3333;3692;5495;3 
F(1884-1710) I(1710) I(1884) ;3330;5375;5495;3 
F(1882-2333) I(1882) I(2333) ;3322;5493;5811;3 
F(1882-2016) I(1882) I(2016) ;3320;5493;5588;3 
F(1882-1741) F(1882-2333) I(2333) ;3319;3322;5811;3 
F(1882-1741) F(1882-2016) I(2016) ;3319;3320;5588;3 
F(1879-1690) I(1690) I(1879) ;3308;5361;5490;3 
F(1872-1025) I(1025) I(1872) ;3294;4883;5483;3 
F(1870-1728) I(1728) I(1870) ;3291;5386;5481;3 
F(1868-1880) F(1880-1868) I(1880) ;3289;3310;5491;3 
F(1867-1946) I(1867) I(2015) ;3288;5478;5587;3 
F(1867-1946) I(1867) I(1946) ;3288;5478;5535;3 
F(1865-1866) F(1866-1865) I(1865) ;3282;3286;5477;3 
F(1858-1998) F(1998-1858) I(1858) ;3271;3516;5474;3 
F(1854-1924) F(1901-1924) I(1901) ;3268;3361;5506;3 
F(1849-2071) F(2071-1849) I(1849) ;3263;3632;5470;3 
F(1844-2070) I(1844) I(2070) ;3257;5465;5628;3 
F(1844-1722) I(1722) I(1844) ;3256;5383;5465;3 
F(1835-1688) F(2086-1913) I(2086) ;3242;3657;5637;3 
F(1835-1688) F(2086-1688) I(2086) ;3242;3656;5637;3 
F(1835-1688) F(2086-1688) F(2086-1913) ;3242;3656;3657;3 
F(1835-1688) F(1991-1989) I(1991) ;3242;3507;5569;3 
F(1835-1688) F(1945-1850) I(1850) ;3242;3447;5471;3 
F(1835-1688) F(1944-1835) I(1944) ;3242;3442;5534;3 
F(1833-1976) F(2047-1856) I(2047) ;3239;3592;5610;3 
F(1833-1976) F(2047-1856) F(2047-1971) ;3239;3592;3593;3 
F(1833-1976) F(2047-1833) I(2047) ;3239;3591;5610;3 
F(1833-1976) F(2047-1833) F(2047-1971) ;3239;3591;3593;3 
F(1833-1976) F(2047-1833) F(2047-1856) ;3239;3591;3592;3 
F(1833-1976) F(1986-1856) I(1986) ;3239;3498;5567;3 
F(1822-1857) F(1857-1822) I(1822) ;3220;3270;5448;3 
F(1821-1845) I(1821) I(1845) ;3216;5447;5466;3 
F(1821-1845) F(1939-1845) I(1821) ;3216;3437;5447;3 
F(1814-1820) I(1814) I(1820) ;3209;5442;5446;3 
F(1814-1815) F(1815-1814) I(1814) ;3208;3212;5442;3 
F(1813-1812) I(1812) I(1813) ;3204;5440;5441;3 
F(1811-1810) I(1810) I(1811) ;3202;5438;5439;3 
F(1808-1734) I(1734) I(1808) ;3200;5391;5436;3 
F(1806-2065) F(2065-1806) I(1806) ;3198;3617;5435;3 
F(1799-1885) F(1885-1799) I(1885) ;3190;3335;5496;3 
F(1797-1798) I(1797) I(1798) ;3189;5429;5430;3 
F(1797-1668) I(1668) I(1797) ;3188;5345;5429;3 
F(1796-1793) I(1793) I(1796) ;3185;5425;5428;3 
F(1792-1919) F(1919-1792) I(1919) ;3180;3399;5518;3 
F(1792-1919) F(1919-1792) F(1919-1909) ;3180;3399;3400;3 
F(1792-1919) F(1919-1769) F(1919-1792) ;3180;3395;3399;3 
F(1791-1786) F(2113-1786) I(2113) ;3179;3704;5657;3 
F(1791-1786) F(2113-1708) F(2113-1786) ;3179;3703;3704;3 
F(1785-1920) F(1920-1785) I(1920) ;3174;3406;5519;3 
F(1785-1920) F(1920-1770) F(1920-1785) ;3174;3403;3406;3 
F(1785-1920) F(1920-1754) F(1920-1785) ;3174;3402;3406;3 
F(1779-1920) F(1920-1779) I(1920) ;3166;3404;5519;3 
F(1779-1920) F(1920-1770) F(1920-1779) ;3166;3403;3404;3 
F(1779-1920) F(1920-1754) F(1920-1779) ;3166;3402;3404;3 
F(1776-1645) F(1829-1807) I(1645) ;3162;3232;5326;3 
F(1772-1801) I(1759) I(1772) ;3159;5405;5415;3 
F(1772-1753) I(1759) I(1772) ;3158;5405;5415;3 
F(1772-1753) F(1772-1801) I(1772) ;3158;3159;5415;3 
F(1772-1753) F(1772-1801) I(1759) ;3158;3159;5405;3 
F(1771-2066) I(1771) I(2066) ;3157;5414;5624;3 
F(1760-1888) I(1760) I(1888) ;3140;5406;5497;3 
F(1757-1945) F(1945-1757) I(1757) ;3133;3445;5403;3 
F(1755-1773) I(1755) I(1773) ;3130;5402;5416;3 
F(1753-258) I(258) I(1759) ;3128;4354;5405;3 
F(1750-1919) F(1919-1750) I(1919) ;3125;3393;5518;3 
F(1750-1919) F(1919-1750) F(1919-1909) ;3125;3393;3400;3 
F(1750-1919) F(1919-1750) F(1919-1769) ;3125;3393;3395;3 
F(1749-1755) F(1755-1749) I(1755) ;3124;3129;5402;3 
F(1748-2042) F(2042-1748) I(1748) ;3121;3584;5400;3 
F(1747-2082) F(2082-1747) I(1747) ;3119;3650;5399;3 
F(1747-1800) F(1800-1747) I(1747) ;3115;3191;5399;3 
F(1743-1668) I(1668) I(1743) ;3107;5345;5396;3 
F(1738-1883) F(1883-1738) I(1883) ;3103;3323;5494;3 
F(1732-2027) I(1732) I(2027) ;3093;5389;5597;3 
F(1730-1981) F(1981-1987) I(1981) ;3091;3494;5564;3 
F(1728-2104) F(2104-1728) I(1728) ;3088;3685;5386;3 
F(1725-1882) F(1882-1725) I(1882) ;3083;3318;5493;3 
F(1725-1882) F(1882-1725) F(1882-1741) ;3083;3318;3319;3 
F(1721-1871) F(1871-1721) I(1871) ;3078;3293;5482;3 
F(1721-1871) F(1871-1637) F(1871-1721) ;3078;3292;3293;3 
F(1717-1954) I(1717) I(1954) ;3071;5380;5540;3 
F(1712-2017) I(1712) I(2017) ;3065;5376;5589;3 
F(1712-1713) I(1712) I(1713) ;3062;5376;5377;3 
F(1711-1885) F(1885-1711) I(1885) ;3061;3334;5496;3 
F(1699-1793) I(1699) I(1793) ;3047;5368;5425;3 
F(1698-1814) F(1814-1698) I(1814) ;3046;3206;5442;3 
F(1696-1697) F(1697-1696) I(1696) ;3044;3045;5367;3 
F(1695-1694) I(1694) I(1695) ;3043;5365;5366;3 
F(1689-1702) F(1689-2062) F(1702-1689) ;3033;3034;3052;3 
F(1686-1720) F(1720-1686) I(1686) ;3029;3077;5359;3 
F(1686-1697) F(1686-1720) F(1720-1686) ;3028;3029;3077;3 
F(1680-2012) I(1680) I(2012) ;3015;5353;5585;3 
F(1679-1757) F(1757-1679) I(1757) ;3008;3132;5403;3 
F(1677-1907) F(1907-1677) I(1677) ;3006;3378;5351;3 
F(1671-2060) F(2060-1671) I(2060) ;2994;3610;5620;3 
F(1671-2060) F(2060-1671) F(2060-1896) ;2994;3610;3611;3 
F(1669-1670) F(1670-1669) I(1669) ;2990;2993;5346;3 
F(1666-1667) I(1666) I(1667) ;2987;5343;5344;3 
F(1666-1667) F(1666-1983) I(1667) ;2987;2988;5344;3 
F(1664-1665) F(1665-1664) I(1664) ;2983;2986;5342;3 
F(1647-2028) F(2028-1647) I(1647) ;2948;3562;5328;3 
F(1647-1887) F(1887-1647) I(1647) ;2946;3340;5328;3 
F(1647-1886) F(1886-1647) I(1647) ;2945;3339;5328;3 
F(1647-114) I(131) I(1647) ;2940;4259;5328;3 
F(1637-1748) F(1637-1932) I(1748) ;2931;2932;5400;3 
F(1631-1647) F(1647-1631) I(1647) ;2925;2941;5328;3 
F(1630-1840) I(1630) I(1840) ;2924;5319;5461;3 
F(1625-1820) I(1625) I(1820) ;2918;5314;5446;3 
F(1619-2030) I(1619) I(2030) ;2905;5309;5599;3 
F(1619-1777) F(1619-2030) I(2030) ;2903;2905;5599;3 
F(1610-1611) F(1611-1610) I(1610) ;2886;2889;5303;3 
F(1606-2095) F(1673-1606) I(1673) ;2880;2996;5348;3 
F(1604-1605) F(1605-1604) I(1604) ;2877;2879;5299;3 
F(1603-1605) F(1605-1603) I(1603) ;2874;2878;5298;3 
F(1592-1590) I(1590) I(1592) ;2862;5289;5291;3 
F(1592-1560) F(1592-1590) I(1590) ;2861;2862;5289;3 
F(1592-805) I(805) I(1592) ;2860;4737;5291;3 
F(1592-805) F(1592-1560) I(805) ;2860;2861;4737;3 
F(1589-1588) I(1588) I(1589) ;2859;5287;5288;3 
F(1567-1569) F(1569-1567) I(1569) ;2827;2831;5275;3 
F(1561-901) I(901) I(1561) ;2815;4797;5269;3 
F(1561-862) F(1561-901) I(901) ;2814;2815;4797;3 
F(1556-1000) I(1000) I(1556) ;2805;4865;5265;3 
F(1541-1518) I(1518) I(1541) ;2779;5238;5253;3 
F(1531-1529) I(1529) I(1531) ;2755;5246;5248;3 
F(1530-1532) F(1532-1530) I(1530) ;2752;2757;5247;3 
F(1524-1038) I(1038) I(1524) ;2744;4890;5243;3 
F(1524-1032) F(1524-1038) I(1038) ;2743;2744;4890;3 
F(1521-1522) F(1522-1521) I(1522) ;2733;2736;5241;3 
F(1520-1519) I(1519) I(1520) ;2732;5239;5240;3 
F(1514-793) I(793) I(1514) ;2717;4731;5235;3 
F(1514-793) F(1514-1252) I(793) ;2717;2719;4731;3 
F(1506-1508) I(1506) I(1508) ;2706;5229;5230;3 
F(1504-1534) I(1194) I(1504) ;2702;5004;5227;3 
F(1504-1455) I(1455) I(1504) ;2700;5191;5227;3 
F(1497-1499) I(1497) I(1499) ;2680;5221;5223;3 
F(1493-1494) F(1494-1493) I(1494) ;2673;2675;5218;3 
F(1491-1003) I(995) I(1112) ;2671;4860;4948;3 
F(1483-790) I(790) I(1483) ;2653;4728;5210;3 
F(1470-1555) F(1555-1470) I(1470) ;2635;2803;5201;3 
F(1469-1554) I(1469) I(1554) ;2631;5200;5264;3 
F(1457-1459) I(1457) I(1459) ;2612;5192;5194;3 
F(1456-1504) F(1504-1456) I(1504) ;2611;2701;5227;3 
F(1447-1449) F(1449-1447) I(1447) ;2597;2601;5186;3 
F(1444-657) F(1549-1065) I(1549) ;2594;2791;5261;3 
F(1442-1539) F(1539-1442) I(1539) ;2592;2774;5251;3 
F(1442-1539) F(1539-1404) F(1539-1442) ;2592;2773;2774;3 
F(1438-1440) F(1440-1438) I(1438) ;2584;2590;5181;3 
F(1416-1551) F(1551-1416) I(1416) ;2541;2794;5166;3 
F(1416-939) I(1416) I(1513) ;2537;5166;5234;3 
F(1412-1413) I(1412) I(1413) ;2528;5162;5163;3 
F(1400-1401) F(1401-1400) I(1400) ;2517;2519;5156;3 
F(1399-1584) I(1399) I(1584) ;2516;5155;5284;3 
F(1399-1584) F(1517-1584) I(1399) ;2516;2727;5155;3 
F(1399-1465) F(1399-1584) I(1584) ;2515;2516;5284;3 
F(1399-1465) F(1399-1584) F(1517-1584) ;2515;2516;2727;3 
F(1395-1397) I(1395) I(1397) ;2512;5152;5154;3 
F(1392-1376) I(1392) I(1536) ;2507;5149;5250;3 
F(1371-1009) I(1009) I(1371) ;2480;4872;5134;3 
F(1370-1371) F(1371-1370) I(1371) ;2479;2481;5134;3 
F(1365-1364) I(1364) I(1365) ;2473;5128;5129;3 
F(1361-1362) I(1361) I(1362) ;2466;5126;5127;3 
F(1357-1140) F(1507-1517) I(1508) ;2460;2709;5230;3 
F(1341-1468) F(1468-1341) I(1468) ;2430;2626;5199;3 
F(1334-1332) I(1332) I(1334) ;2420;5106;5107;3 
F(1333-1335) F(1335-1333) I(1335) ;2417;2422;5108;3 
F(1318-1316) I(1316) I(1318) ;2398;5092;5094;3 
F(1285-1116) I(1116) I(1285) ;2348;4952;5071;3 
F(1284-1417) F(1444-657) I(1284) ;2347;2594;5070;3 
F(1284-1065) F(1444-657) I(1284) ;2344;2594;5070;3 
F(1284-1065) F(1284-1417) I(1284) ;2344;2347;5070;3 
F(1284-1065) F(1284-1417) F(1444-657) ;2344;2347;2594;3 
F(1277-1339) F(1339-1503) I(1277) ;2335;2428;5065;3 
F(1273-1275) I(1273) I(1275) ;2328;5062;5064;3 
F(1264-1265) I(1264) I(1265) ;2320;5057;5058;3 
F(1260-1261) I(1226) I(1261) ;2315;5030;5055;3 
F(1257-1140) F(1506-1508) I(1506) ;2309;2706;5229;3 
F(1257-1140) F(1357-1140) F(1507-1517) ;2309;2460;2709;3 
F(1255-1257) F(1257-1255) I(1255) ;2306;2310;5052;3 
F(1254-1256) F(1256-1254) I(1254) ;2305;2308;5051;3 
F(1248-1375) F(1248-1390) I(1375) ;2292;2293;5138;3 
F(1247-1375) I(1247) I(1375) ;2291;5048;5138;3 
F(1245-1327) I(1245) I(1327) ;2288;5046;5102;3 
F(1242-1243) F(1243-1242) I(1243) ;2280;2282;5044;3 
F(1233-1599) F(1599-1206) I(1233) ;2269;2869;5036;3 
F(1230-1498) F(1498-1526) I(1498) ;2258;2682;5222;3 
F(1225-1227) F(1227-1225) I(1227) ;2248;2250;5031;3 
F(1224-1226) I(1224) I(1226) ;2247;5029;5030;3 
F(1221-1222) I(1221) I(1222) ;2243;5026;5027;3 
F(1217-1444) F(1444-657) I(1217) ;2238;2594;5022;3 
F(1213-1593) I(1213) I(1593) ;2222;5019;5292;3 
F(1212-1280) I(1212) I(1280) ;2216;5018;5067;3 
F(1199-1197) I(1197) I(1199) ;2190;5006;5008;3 
F(1192-1282) F(1282-1192) I(1192) ;2177;2342;5002;3 
F(1190-1473) F(1473-1190) I(1190) ;2172;2638;5001;3 
F(1189-1187) I(1187) I(1189) ;2166;4999;5000;3 
F(1186-1188) F(1188-1186) I(1186) ;2162;2164;4998;3 
F(1183-1488) I(1183) I(1488) ;2155;4996;5215;3 
F(1183-786) F(1183-1488) I(1488) ;2150;2155;5215;3 
F(1180-1365) F(1365-1180) I(1365) ;2143;2472;5129;3 
F(1178-1176) I(1176) I(1178) ;2140;4991;4993;3 
F(1177-1580) F(1580-1177) I(1177) ;2137;2845;4992;3 
F(1172-1539) F(1539-1172) I(1539) ;2134;2771;5251;3 
F(1172-1539) F(1539-1172) F(1539-1404) ;2134;2771;2773;3 
F(1168-1476) F(1476-1168) I(1476) ;2129;2641;5205;3 
F(1165-1167) F(1167-1165) I(1167) ;2122;2126;4986;3 
F(1164-1166) F(1166-1164) I(1164) ;2121;2123;4985;3 
F(1160-1162) F(1162-1160) I(1162) ;2113;2117;4984;3 
F(1159-1161) F(1161-1159) I(1159) ;2112;2114;4983;3 
F(1158-1222) I(1222) I(1453) ;2111;5027;5189;3 
F(1155-1357) F(1357-1140) I(1155) ;2107;2460;4980;3 
F(1150-1151) F(1151-1150) I(1150) ;2097;2098;4976;3 
F(1148-1382) F(1576-1148) I(1576) ;2093;2840;5281;3 
F(1148-1382) F(1576-1148) F(1576-1433) ;2093;2840;2843;3 
F(1137-1284) F(1284-1137) I(1284) ;2068;2345;5070;3 
F(1129-1553) F(1553-1129) I(1129) ;2057;2801;4963;3 
F(1129-1128) I(1128) I(1129) ;2056;4962;4963;3 
F(1129-399) F(1129-1553) F(1553-1129) ;2055;2057;2801;3 
F(1129-399) F(1129-1128) I(1128) ;2055;2056;4962;3 
F(1111-1109) I(1109) I(1111) ;2026;4945;4947;3 
F(1095-1062) I(1062) I(1095) ;1990;4910;4933;3 
F(1095-841) F(1095-1062) I(1062) ;1985;1990;4910;3 
F(1094-1491) I(826) I(1094) ;1982;4751;4932;3 
F(1094-1491) F(1491-1003) I(1094) ;1982;2671;4932;3 
F(1093-1429) F(1429-1093) I(1093) ;1980;2568;4931;3 
F(1092-1489) I(1092) I(1489) ;1978;4930;5216;3 
F(1092-1428) I(1092) I(1428) ;1977;4930;5174;3 
F(1080-1081) F(1081-1080) I(1081) ;1956;1957;4922;3 
F(1079-1055) I(1079) I(1489) ;1955;4921;5216;3 
F(1067-1069) F(1069-1067) I(1069) ;1941;1942;4914;3 
F(1064-1065) F(1065-1064) I(1064) ;1936;1937;4912;3 
F(1063-1464) F(1464-1063) I(1063) ;1935;2623;4911;3 
F(1061-1063) F(1063-1061) I(1063) ;1932;1934;4911;3 
F(1051-1071) F(1071-924) I(1051) ;1912;1948;4901;3 
F(1050-1046) I(1046) I(1050) ;1909;4898;4900;3 
F(1050-1046) F(1050-1047) I(1046) ;1909;1910;4898;3 
F(1048-1049) F(1049-1048) I(1048) ;1905;1906;4899;3 
F(1037-1523) F(1523-1037) I(1523) ;1896;2738;5242;3 
F(1037-1523) F(1523-1033) F(1523-1037) ;1896;2737;2738;3 
F(1036-1217) F(1217-1036) I(1217) ;1895;2234;5022;3 
F(1023-1231) F(1231-1023) I(1231) ;1881;2259;5034;3 
F(1019-1287) I(1019) I(1287) ;1875;4879;5073;3 
F(1019-1191) F(1019-1287) I(1287) ;1874;1875;5073;3 
F(1019-1015) F(1019-1287) I(1287) ;1873;1875;5073;3 
F(1008-1552) I(1008) I(1552) ;1863;4871;5263;3 
F(1006-1008) I(1006) I(1008) ;1859;4869;4871;3 
F(999-1241) F(999-1311) I(999) ;1853;1854;4864;3 
F(997-955) I(955) I(997) ;1847;4831;4862;3 
F(997-955) F(997-956) I(955) ;1847;1848;4831;3 
F(996-1401) F(1401-1018) I(996) ;1844;2518;4861;3 
F(990-864) I(864) I(990) ;1830;4774;4856;3 
F(990-864) I(856) I(990) ;1830;4770;4856;3 
F(990-864) F(990-1126) I(864) ;1830;1832;4774;3 
F(990-864) F(990-1126) I(856) ;1830;1832;4770;3 
F(989-1125) I(989) I(1125) ;1829;4855;4960;3 
F(989-987) I(987) I(989) ;1827;4854;4855;3 
F(988-990) F(990-988) I(990) ;1826;1831;4856;3 
F(988-990) F(990-988) F(990-1126) ;1826;1831;1832;3 
F(984-986) I(984) I(986) ;1820;4851;4853;3 
F(981-980) I(980) I(981) ;1815;4848;4849;3 
F(977-1415) F(1415-977) I(1415) ;1799;2534;5165;3 
F(976-1415) F(1415-976) I(1415) ;1798;2533;5165;3 
F(972-1384) F(1235-972) I(1235) ;1791;2273;5038;3 
F(971-1382) I(1226) I(1261) ;1789;5030;5055;3 
F(971-1382) F(1260-1261) I(1261) ;1789;2315;5055;3 
F(971-1382) F(1260-1261) I(1226) ;1789;2315;5030;3 
F(970-972) F(972-970) I(970) ;1787;1790;4843;3 
F(969-971) F(971-969) I(969) ;1786;1788;4842;3 
F(967-1268) I(829) I(967) ;1781;4754;4841;3 
F(960-961) F(961-960) I(960) ;1765;1766;4835;3 
F(959-1350) F(1350-959) I(959) ;1764;2448;4834;3 
F(959-1168) F(1168-959) I(959) ;1763;2128;4834;3 
F(951-978) F(978-951) I(978) ;1755;1801;4846;3 
F(950-979) F(979-950) I(979) ;1754;1810;4847;3 
F(948-1199) F(1199-948) I(1199) ;1750;2189;5008;3 
F(944-1591) I(944) I(1591) ;1749;4825;5290;3 
F(944-1117) F(944-1591) I(1591) ;1748;1749;5290;3 
F(944-941) F(944-1591) I(1591) ;1747;1749;5290;3 
F(944-940) I(940) I(944) ;1746;4823;4825;3 
F(944-940) F(944-1117) I(940) ;1746;1748;4823;3 
F(944-940) F(944-941) I(940) ;1746;1747;4823;3 
F(942-957) F(957-942) I(957) ;1744;1760;4832;3 
F(937-938) F(938-937) I(937) ;1740;1741;4822;3 
F(925-926) F(926-925) I(926) ;1724;1726;4812;3 
F(923-922) I(922) I(923) ;1723;4810;4811;3 
F(923-470) I(470) I(923) ;1721;4508;4811;3 
F(916-1073) F(1073-916) I(916) ;1705;1949;4806;3 
F(915-1072) I(915) I(1072) ;1700;4805;4916;3 
F(908-1387) F(1387-908) I(1387) ;1680;2501;5146;3 
F(901-961) F(1561-901) I(1561) ;1668;2815;5269;3 
F(901-961) F(1561-862) F(1561-901) ;1668;2814;2815;3 
F(892-1206) F(1599-1206) I(892) ;1654;2869;4792;3 
F(892-1013) I(892) I(1013) ;1653;4792;4875;3 
F(885-884) I(884) I(885) ;1641;4789;4790;3 
F(873-874) I(873) I(874) ;1628;4782;4783;3 
F(871-846) I(846) I(871) ;1622;4763;4780;3 
F(871-846) F(871-896) I(846) ;1622;1624;4763;3 
F(870-845) I(845) I(870) ;1617;4762;4779;3 
F(870-845) F(870-848) I(845) ;1617;1618;4762;3 
F(867-869) F(869-867) I(869) ;1612;1614;4778;3 
F(858-945) I(858) I(945) ;1596;4771;4826;3 
F(855-853) I(853) I(855) ;1590;4767;4769;3 
F(847-871) F(871-847) I(871) ;1583;1623;4780;3 
F(847-871) F(871-847) F(871-896) ;1583;1623;1624;3 
F(842-1096) F(1096-842) I(1096) ;1581;1994;4934;3 
F(842-1096) F(1096-842) F(1096-942) ;1581;1994;1995;3 
F(834-886) F(886-1294) I(834) ;1564;1644;4758;3 
F(832-1154) I(832) I(1154) ;1560;4757;4979;3 
F(831-833) F(833-831) I(831) ;1559;1561;4756;3 
F(828-829) I(828) I(829) ;1556;4753;4754;3 
F(825-823) I(823) I(825) ;1549;4748;4750;3 
F(822-924) F(1071-924) I(822) ;1545;1948;4747;3 
F(822-844) I(822) I(844) ;1543;4747;4761;3 
F(821-1076) I(821) I(1076) ;1539;4746;4919;3 
F(821-843) F(843-821) I(821) ;1537;1582;4746;3 
F(817-1477) F(1477-817) I(1489) ;1529;2644;5216;3 
F(816-817) F(817-816) I(816) ;1526;1527;4743;3 
F(810-1502) F(1502-810) I(1502) ;1519;2689;5226;3 
F(808-971) F(971-1382) I(808) ;1516;1789;4739;3 
F(806-807) F(807-806) I(806) ;1513;1514;4738;3 
F(803-1483) F(1483-803) I(1483) ;1511;2655;5210;3 
F(799-1300) F(1300-799) I(799) ;1507;2370;4735;3 
F(799-1135) I(799) I(1135) ;1506;4735;4968;3 
F(798-1299) F(1299-798) I(798) ;1503;2369;4734;3 
F(797-1597) I(797) I(1597) ;1499;4733;5293;3 
F(797-899) I(797) I(899) ;1496;4733;4796;3 
F(797-881) F(797-1597) I(1597) ;1495;1499;5293;3 
F(797-881) F(797-899) I(899) ;1495;1496;4796;3 
F(796-1596) F(1596-796) I(796) ;1493;2867;4732;3 
F(796-1419) I(796) I(1098) ;1492;4732;4936;3 
F(796-880) F(880-796) I(796) ;1489;1637;4732;3 
F(788-1484) F(1484-788) I(1484) ;1481;2658;5211;3 
F(778-597) I(597) I(778) ;1463;4597;4720;3 
F(768-779) F(779-740) I(768) ;1448;1468;4715;3 
F(735-734) F(735-737) I(735) ;1392;1393;4693;3 
F(726-729) I(711) I(726) ;1373;4675;4687;3 
F(725-748) F(748-725) I(725) ;1369;1411;4686;3 
F(723-726) F(726-723) I(726) ;1365;1371;4687;3 
F(715-739) I(546) I(715) ;1344;4563;4678;3 
F(693-555) F(785-555) I(785) ;1306;1477;4725;3 
F(692-691) F(692-718) I(692) ;1304;1305;4663;3 
F(649-647) I(647) I(649) ;1228;4632;4634;3 
F(591-667) F(635-742) F(667-591) ;1122;1192;1261;3 
F(580-644) F(644-580) I(644) ;1104;1209;4629;3 
F(580-644) F(644-580) F(644-686) ;1104;1209;1214;3 
F(574-710) F(710-574) I(710) ;1095;1335;4674;3 
F(527-22) F(527-441) I(527) ;1002;1005;4550;3 
F(526-204) I(204) I(526) ;996;4313;4549;3 
F(526-204) F(526-407) I(204) ;996;1000;4313;3 
F(525-528) I(525) I(528) ;994;4548;4551;3 
F(519-296) I(293) I(519) ;983;4383;4543;3 
F(518-522) F(522-518) I(522) ;981;987;4545;3 
F(517-234) I(234) I(517) ;977;4336;4542;3 
F(502-499) I(499) I(502) ;950;4529;4531;3 
F(502-483) I(483) I(502) ;949;4518;4531;3 
F(494-495) F(495-494) I(494) ;940;941;4527;3 
F(493-496) F(496-493) I(493) ;933;942;4526;3 
F(488-483) F(502-483) I(502) ;925;949;4531;3 
F(481-388) I(388) I(481) ;914;4453;4517;3 
F(481-388) F(481-487) I(388) ;914;916;4453;3 
F(476-521) F(521-476) I(476) ;905;986;4513;3 
F(453-192) I(192) I(453) ;872;4302;4495;3 
F(445-449) F(449-445) I(445) ;860;868;4488;3 
F(443-487) F(487-443) I(443) ;855;924;4486;3 
F(427-528) I(427) I(528) ;835;4478;4551;3 
F(425-203) I(203) I(425) ;826;4312;4477;3 
F(425-203) F(459-203) I(425) ;826;881;4477;3 
F(421-516) F(516-421) I(516) ;819;976;4541;3 
F(418-459) F(459-418) I(418) ;817;882;4472;3 
F(405-446) F(446-405) I(446) ;798;862;4489;3 
F(398-481) F(481-398) I(481) ;793;915;4517;3 
F(398-481) F(481-398) F(481-487) ;793;915;916;3 
F(388-518) F(518-388) I(388) ;781;980;4453;3 
F(382-464) I(382) I(464) ;776;4449;4502;3 
F(375-329) I(329) I(375) ;763;4406;4442;3 
F(374-330) I(330) I(374) ;758;4407;4441;3 
F(373-362) I(362) I(373) ;755;4430;4440;3 
F(365-231) I(231) I(365) ;737;4335;4433;3 
F(354-234) I(234) I(354) ;715;4336;4423;3 
F(354-234) F(354-370) I(234) ;715;716;4336;3 
F(352-406) F(406-352) I(293) ;705;799;4383;3 
F(332-9) I(9) I(332) ;667;4185;4408;3 
F(321-530) I(321) I(530) ;649;4400;4553;3 
F(321-454) F(321-530) I(530) ;645;649;4553;3 
F(310-435) I(310) I(435) ;626;4393;4483;3 
F(310-420) F(477-420) I(310) ;625;908;4393;3 
F(309-349) I(309) I(349) ;621;4392;4420;3 
F(307-462) I(307) I(465) ;616;4390;4503;3 
F(277-406) I(277) I(293) ;572;4369;4383;3 
F(276-299) F(299-276) I(276) ;569;607;4368;3 
F(271-446) F(446-271) I(446) ;564;861;4489;3 
F(265-422) I(265) I(422) ;557;4359;4474;3 
F(252-319) I(252) I(319) ;537;4350;4399;3 
F(250-349) F(349-250) I(349) ;535;698;4420;3 
F(247-197) I(197) I(247) ;530;4307;4346;3 
F(246-471) F(471-282) I(246) ;529;896;4345;3 
F(246-339) I(246) I(339) ;528;4345;4413;3 
F(246-270) I(246) I(270) ;526;4345;4363;3 
F(245-253) F(253-352) I(245) ;520;538;4344;3 
F(235-251) F(251-235) I(251) ;505;536;4349;3 
F(232-366) F(366-232) I(366) ;503;742;4434;3 
F(229-431) F(431-229) I(229) ;501;840;4333;3 
F(229-301) F(229-431) F(431-229) ;500;501;840;3 
F(226-227) F(348-320) I(348) ;495;697;4419;3 
F(221-240) F(240-221) I(240) ;487;509;4340;3 
F(221-240) F(240-221) F(240-401) ;487;509;511;3 
F(217-346) I(217) I(346) ;477;4326;4417;3 
F(217-327) F(327-217) I(217) ;476;665;4326;3 
F(200-428) I(200) I(214) ;449;4310;4323;3 
F(199-433) I(199) I(433) ;447;4309;4482;3 
F(196-1736) F(1736-196) I(196) ;444;3099;4306;3 
F(191-529) F(529-191) I(529) ;433;1006;4552;3 
F(189-443) I(189) I(443) ;431;4300;4486;3 
F(188-437) F(437-188) I(188) ;430;845;4299;3 
F(188-434) F(188-437) F(437-188) ;429;430;845;3 
F(176-2377) I(176) I(2138) ;413;4291;5674;3 
F(152-153) F(153-152) I(152) ;364;366;4273;3 
F(145-146) I(145) I(146) ;349;4270;4271;3 
F(137-138) F(138-137) I(137) ;323;324;4264;3 
F(136-135) I(135) I(136) ;322;4262;4263;3 
F(110-62) I(62) I(110) ;262;4218;4245;3 
F(105-185) F(185-105) I(185) ;249;426;4296;3 
F(71-72) I(71) I(72) ;168;4224;4225;3 
F(61-109) F(109-61) I(61) ;143;261;4217;3 
F(55-181) F(181-55) I(55) ;131;421;4211;3 
F(52-754) F(754-52) I(754) ;125;1424;4704;3 
F(28-88) F(88-79) I(28) ;76;209;4196;3 
F(25-53) F(53-25) I(25) ;66;126;4194;3 
F(2-354) F(354-2) I(354) ;3;712;4423;3 
F(2-354) F(354-2) F(354-370) ;3;712;716;3 
